<?xml version="1.0" encoding="UTF-8"?>
<project-private xmlns="http://www.netbeans.org/ns/project-private/1">
    <editor-bookmarks xmlns="http://www.netbeans.org/ns/editor-bookmarks/2" lastBookmarkId="0"/>
    <open-files xmlns="http://www.netbeans.org/ns/projectui-open-files/2">
        <group>
            <file>file:/Z:/usb/Java/Assignment3_2/src/myfirstapplication/MainJFrame.java</file>
            <file>file:/Z:/usb/Java/Assignment3_2/src/myfirstapplication/AccountList.java</file>
            <file>file:/Z:/usb/Java/Assignment3_2/src/assignment3/MainJFrame.java</file>
            <file>file:/Z:/usb/Java/Assignment3_2/src/assignment3/ProductList.java</file>
            <file>file:/Z:/usb/Java/Assignment3_2/src/assignment3/WishList.java</file>
            <file>file:/Z:/usb/Java/Assignment3_2/src/assignment3/Basket.java</file>
            <file>file:/Z:/usb/Java/Assignment3_2/src/assignment3/User.java</file>
            <file>file:/Z:/usb/Java/Assignment3_2/src/assignment3/Product.java</file>
            <file>file:/Z:/usb/Java/Assignment3_2/src/assignment3/FoodProduct.java</file>
        </group>
    </open-files>
</project-private>
